,Acs,Refrigerators,Microwaves,WashingMachines,Smartphones,Laptops,Sales
1,230.1,37.8,69.2,69.2,69.2,69.2,22.1
2,44.5,39.3,45.1,45.1,45.1,45.1,10.4
3,17.2,45.9,69.3,69.3,69.3,69.3,9.3
4,151.5,41.3,58.5,58.5,58.5,58.5,18.5
5,180.8,10.8,58.4,58.4,58.4,58.4,12.9
6,8.7,48.9,75,75,75,75,7.2
7,57.5,32.8,23.5,23.5,23.5,23.5,11.8
8,120.2,19.6,11.6,11.6,11.6,11.6,13.2
9,8.6,2.1,1,1,1,1,4.8
10,199.8,2.6,21.2,21.2,21.2,21.2,10.6
11,66.1,5.8,24.2,24.2,24.2,24.2,8.6
12,214.7,24,4,4,4,4,17.4
13,23.8,35.1,65.9,65.9,65.9,65.9,9.2
14,97.5,7.6,7.2,7.2,7.2,7.2,9.7
15,204.1,32.9,46,46,46,46,19
16,195.4,47.7,52.9,52.9,52.9,52.9,22.4
17,67.8,36.6,114,114,114,114,12.5
18,281.4,39.6,55.8,55.8,55.8,55.8,24.4
19,69.2,20.5,18.3,18.3,18.3,18.3,11.3
20,147.3,23.9,19.1,19.1,19.1,19.1,14.6
21,218.4,27.7,53.4,53.4,53.4,53.4,18
22,237.4,5.1,23.5,23.5,23.5,23.5,12.5
23,13.2,15.9,49.6,49.6,49.6,49.6,5.6
24,228.3,16.9,26.2,26.2,26.2,26.2,15.5
25,62.3,12.6,18.3,18.3,18.3,18.3,9.7
26,262.9,3.5,19.5,19.5,19.5,19.5,12
27,142.9,29.3,12.6,12.6,12.6,12.6,15
28,240.1,16.7,22.9,22.9,22.9,22.9,15.9
29,248.8,27.1,22.9,22.9,22.9,22.9,18.9
30,70.6,16,40.8,40.8,40.8,40.8,10.5
31,292.9,28.3,43.2,43.2,43.2,43.2,21.4
32,112.9,17.4,38.6,38.6,38.6,38.6,11.9
33,97.2,1.5,30,30,30,30,9.6
34,265.6,20,0.3,0.3,0.3,0.3,17.4
35,95.7,1.4,7.4,7.4,7.4,7.4,9.5
36,290.7,4.1,8.5,8.5,8.5,8.5,12.8
37,266.9,43.8,5,5,5,5,25.4
38,74.7,49.4,45.7,45.7,45.7,45.7,14.7
39,43.1,26.7,35.1,35.1,35.1,35.1,10.1
40,228,37.7,32,32,32,32,21.5
41,202.5,22.3,31.6,31.6,31.6,31.6,16.6
42,177,33.4,38.7,38.7,38.7,38.7,17.1
43,293.6,27.7,1.8,1.8,1.8,1.8,20.7
44,206.9,8.4,26.4,26.4,26.4,26.4,12.9
45,25.1,25.7,43.3,43.3,43.3,43.3,8.5
46,175.1,22.5,31.5,31.5,31.5,31.5,14.9
47,89.7,9.9,35.7,35.7,35.7,35.7,10.6
48,239.9,41.5,18.5,18.5,18.5,18.5,23.2
49,227.2,15.8,49.9,49.9,49.9,49.9,14.8
50,66.9,11.7,36.8,36.8,36.8,36.8,9.7
51,199.8,3.1,34.6,34.6,34.6,34.6,11.4
52,100.4,9.6,3.6,3.6,3.6,3.6,10.7
53,216.4,41.7,39.6,39.6,39.6,39.6,22.6
54,182.6,46.2,58.7,58.7,58.7,58.7,21.2
55,262.7,28.8,15.9,15.9,15.9,15.9,20.2
56,198.9,49.4,60,60,60,60,23.7
57,7.3,28.1,41.4,41.4,41.4,41.4,5.5
58,136.2,19.2,16.6,16.6,16.6,16.6,13.2
59,210.8,49.6,37.7,37.7,37.7,37.7,23.8
60,210.7,29.5,9.3,9.3,9.3,9.3,18.4
61,53.5,2,21.4,21.4,21.4,21.4,8.1
62,261.3,42.7,54.7,54.7,54.7,54.7,24.2
63,239.3,15.5,27.3,27.3,27.3,27.3,15.7
64,102.7,29.6,8.4,8.4,8.4,8.4,14
65,131.1,42.8,28.9,28.9,28.9,28.9,18
66,69,9.3,0.9,0.9,0.9,0.9,9.3
67,31.5,24.6,2.2,2.2,2.2,2.2,9.5
68,139.3,14.5,10.2,10.2,10.2,10.2,13.4
69,237.4,27.5,11,11,11,11,18.9
70,216.8,43.9,27.2,27.2,27.2,27.2,22.3
71,199.1,30.6,38.7,38.7,38.7,38.7,18.3
72,109.8,14.3,31.7,31.7,31.7,31.7,12.4
73,26.8,33,19.3,19.3,19.3,19.3,8.8
74,129.4,5.7,31.3,31.3,31.3,31.3,11
75,213.4,24.6,13.1,13.1,13.1,13.1,17
76,16.9,43.7,89.4,89.4,89.4,89.4,8.7
77,27.5,1.6,20.7,20.7,20.7,20.7,6.9
78,120.5,28.5,14.2,14.2,14.2,14.2,14.2
79,5.4,29.9,9.4,9.4,9.4,9.4,5.3
80,116,7.7,23.1,23.1,23.1,23.1,11
81,76.4,26.7,22.3,22.3,22.3,22.3,11.8
82,239.8,4.1,36.9,36.9,36.9,36.9,12.3
83,75.3,20.3,32.5,32.5,32.5,32.5,11.3
84,68.4,44.5,35.6,35.6,35.6,35.6,13.6
85,213.5,43,33.8,33.8,33.8,33.8,21.7
86,193.2,18.4,65.7,65.7,65.7,65.7,15.2
87,76.3,27.5,16,16,16,16,12
88,110.7,40.6,63.2,63.2,63.2,63.2,16
89,88.3,25.5,73.4,73.4,73.4,73.4,12.9
90,109.8,47.8,51.4,51.4,51.4,51.4,16.7
91,134.3,4.9,9.3,9.3,9.3,9.3,11.2
92,28.6,1.5,33,33,33,33,7.3
93,217.7,33.5,59,59,59,59,19.4
94,250.9,36.5,72.3,72.3,72.3,72.3,22.2
95,107.4,14,10.9,10.9,10.9,10.9,11.5
96,163.3,31.6,52.9,52.9,52.9,52.9,16.9
97,197.6,3.5,5.9,5.9,5.9,5.9,11.7
98,184.9,21,22,22,22,22,15.5
99,289.7,42.3,51.2,51.2,51.2,51.2,25.4
100,135.2,41.7,45.9,45.9,45.9,45.9,17.2
101,222.4,4.3,49.8,49.8,49.8,49.8,11.7
102,296.4,36.3,100.9,100.9,100.9,100.9,23.8
103,280.2,10.1,21.4,21.4,21.4,21.4,14.8
104,187.9,17.2,17.9,17.9,17.9,17.9,14.7
105,238.2,34.3,5.3,5.3,5.3,5.3,20.7
106,137.9,46.4,59,59,59,59,19.2
107,25,11,29.7,29.7,29.7,29.7,7.2
108,90.4,0.3,23.2,23.2,23.2,23.2,8.7
109,13.1,0.4,25.6,25.6,25.6,25.6,5.3
110,255.4,26.9,5.5,5.5,5.5,5.5,19.8
111,225.8,8.2,56.5,56.5,56.5,56.5,13.4
112,241.7,38,23.2,23.2,23.2,23.2,21.8
113,175.7,15.4,2.4,2.4,2.4,2.4,14.1
114,209.6,20.6,10.7,10.7,10.7,10.7,15.9
115,78.2,46.8,34.5,34.5,34.5,34.5,14.6
116,75.1,35,52.7,52.7,52.7,52.7,12.6
117,139.2,14.3,25.6,25.6,25.6,25.6,12.2
118,76.4,0.8,14.8,14.8,14.8,14.8,9.4
119,125.7,36.9,79.2,79.2,79.2,79.2,15.9
120,19.4,16,22.3,22.3,22.3,22.3,6.6
121,141.3,26.8,46.2,46.2,46.2,46.2,15.5
122,18.8,21.7,50.4,50.4,50.4,50.4,7
123,224,2.4,15.6,15.6,15.6,15.6,11.6
124,123.1,34.6,12.4,12.4,12.4,12.4,15.2
125,229.5,32.3,74.2,74.2,74.2,74.2,19.7
126,87.2,11.8,25.9,25.9,25.9,25.9,10.6
127,7.8,38.9,50.6,50.6,50.6,50.6,6.6
128,80.2,0,9.2,9.2,9.2,9.2,8.8
129,220.3,49,3.2,3.2,3.2,3.2,24.7
130,59.6,12,43.1,43.1,43.1,43.1,9.7
131,0.7,39.6,8.7,8.7,8.7,8.7,1.6
132,265.2,2.9,43,43,43,43,12.7
133,8.4,27.2,2.1,2.1,2.1,2.1,5.7
134,219.8,33.5,45.1,45.1,45.1,45.1,19.6
135,36.9,38.6,65.6,65.6,65.6,65.6,10.8
136,48.3,47,8.5,8.5,8.5,8.5,11.6
137,25.6,39,9.3,9.3,9.3,9.3,9.5
138,273.7,28.9,59.7,59.7,59.7,59.7,20.8
139,43,25.9,20.5,20.5,20.5,20.5,9.6
140,184.9,43.9,1.7,1.7,1.7,1.7,20.7
141,73.4,17,12.9,12.9,12.9,12.9,10.9
142,193.7,35.4,75.6,75.6,75.6,75.6,19.2
143,220.5,33.2,37.9,37.9,37.9,37.9,20.1
144,104.6,5.7,34.4,34.4,34.4,34.4,10.4
145,96.2,14.8,38.9,38.9,38.9,38.9,11.4
146,140.3,1.9,9,9,9,9,10.3
147,240.1,7.3,8.7,8.7,8.7,8.7,13.2
148,243.2,49,44.3,44.3,44.3,44.3,25.4
149,38,40.3,11.9,11.9,11.9,11.9,10.9
150,44.7,25.8,20.6,20.6,20.6,20.6,10.1
151,280.7,13.9,37,37,37,37,16.1
152,121,8.4,48.7,48.7,48.7,48.7,11.6
153,197.6,23.3,14.2,14.2,14.2,14.2,16.6
154,171.3,39.7,37.7,37.7,37.7,37.7,19
155,187.8,21.1,9.5,9.5,9.5,9.5,15.6
156,4.1,11.6,5.7,5.7,5.7,5.7,3.2
157,93.9,43.5,50.5,50.5,50.5,50.5,15.3
158,149.8,1.3,24.3,24.3,24.3,24.3,10.1
159,11.7,36.9,45.2,45.2,45.2,45.2,7.3
160,131.7,18.4,34.6,34.6,34.6,34.6,12.9
161,172.5,18.1,30.7,30.7,30.7,30.7,14.4
162,85.7,35.8,49.3,49.3,49.3,49.3,13.3
163,188.4,18.1,25.6,25.6,25.6,25.6,14.9
164,163.5,36.8,7.4,7.4,7.4,7.4,18
165,117.2,14.7,5.4,5.4,5.4,5.4,11.9
166,234.5,3.4,84.8,84.8,84.8,84.8,11.9
167,17.9,37.6,21.6,21.6,21.6,21.6,8
168,206.8,5.2,19.4,19.4,19.4,19.4,12.2
169,215.4,23.6,57.6,57.6,57.6,57.6,17.1
170,284.3,10.6,6.4,6.4,6.4,6.4,15
171,50,11.6,18.4,18.4,18.4,18.4,8.4
172,164.5,20.9,47.4,47.4,47.4,47.4,14.5
173,19.6,20.1,17,17,17,17,7.6
174,168.4,7.1,12.8,12.8,12.8,12.8,11.7
175,222.4,3.4,13.1,13.1,13.1,13.1,11.5
176,276.9,48.9,41.8,41.8,41.8,41.8,27
177,248.4,30.2,20.3,20.3,20.3,20.3,20.2
178,170.2,7.8,35.2,35.2,35.2,35.2,11.7
179,276.7,2.3,23.7,23.7,23.7,23.7,11.8
180,165.6,10,17.6,17.6,17.6,17.6,12.6
181,156.6,2.6,8.3,8.3,8.3,8.3,10.5
182,218.5,5.4,27.4,27.4,27.4,27.4,12.2
183,56.2,5.7,29.7,29.7,29.7,29.7,8.7
184,287.6,43,71.8,71.8,71.8,71.8,26.2
185,253.8,21.3,30,30,30,30,17.6
186,205,45.1,19.6,19.6,19.6,19.6,22.6
187,139.5,2.1,26.6,26.6,26.6,26.6,10.3
188,191.1,28.7,18.2,18.2,18.2,18.2,17.3
189,286,13.9,3.7,3.7,3.7,3.7,15.9
190,18.7,12.1,23.4,23.4,23.4,23.4,6.7
191,39.5,41.1,5.8,5.8,5.8,5.8,10.8
192,75.5,10.8,6,6,6,6,9.9
193,17.2,4.1,31.6,31.6,31.6,31.6,5.9
194,166.8,42,3.6,3.6,3.6,3.6,19.6
195,149.7,35.6,6,6,6,6,17.3
196,38.2,3.7,13.8,13.8,13.8,13.8,7.6
197,94.2,4.9,8.1,8.1,8.1,8.1,9.7
198,177,9.3,6.4,6.4,6.4,6.4,12.8
199,283.6,42,66.2,66.2,66.2,66.2,25.5
200,232.1,8.6,8.7,8.7,8.7,8.7,13.4
201,166.8,42,3.6,3.6,3.6,3.6,19.6
202,149.7,35.6,6,6,6,6,17.3
203,150.7,36.6,7,7,7,7,18.3
204,151.7,37.6,8,8,8,8,19.3
205,152.7,38.6,9,9,9,9,20.3
206,153.7,39.6,10,10,10,10,21.3
207,154.7,40.6,11,11,11,11,22.3
208,155.7,41.6,12,12,12,12,23.3
209,156.7,42.6,13,13,13,13,24.3
210,157.7,43.6,14,14,14,14,25.3
211,158.7,44.6,15,15,15,15,26.3
212,159.7,45.6,16,16,16,16,27.3
213,160.7,46.6,17,17,17,17,28.3
214,161.7,47.6,18,18,18,18,29.3
215,162.7,48.6,19,19,19,19,30.3
216,163.7,49.6,20,20,20,20,31.3
217,164.7,50.6,21,21,21,21,32.3
218,165.7,51.6,22,22,22,22,33.3
219,166.7,52.6,23,23,23,23,34.3
220,167.7,53.6,24,24,24,24,35.3
221,168.7,54.6,25,25,25,25,36.3
222,169.7,55.6,26,26,26,26,37.3
223,170.7,56.6,27,27,27,27,38.3
224,171.7,57.6,28,28,28,28,39.3
225,172.7,58.6,29,29,29,29,40.3
226,173.7,59.6,30,30,30,30,41.3
227,174.7,60.6,31,31,31,31,42.3
228,175.7,61.6,32,32,32,32,43.3
229,176.7,62.6,33,33,33,33,44.3
230,177.7,63.6,34,34,34,34,45.3
231,178.7,64.6,35,35,35,35,46.3
232,179.7,65.6,36,36,36,36,47.3
233,180.7,66.6,37,37,37,37,48.3
234,181.7,67.6,38,38,38,38,49.3
235,182.7,68.6,39,39,39,39,50.3
236,183.7,69.6,40,40,40,40,51.3
237,184.7,70.6,41,41,41,41,52.3
238,185.7,71.6,42,42,42,42,53.3
239,186.7,72.6,43,43,43,43,54.3
240,187.7,73.6,44,44,44,44,55.3
241,188.7,74.6,45,45,45,45,56.3
242,189.7,75.6,46,46,46,46,57.3
243,190.7,76.6,47,47,47,47,58.3
244,191.7,77.6,48,48,48,48,59.3
245,192.7,78.6,49,49,49,49,60.3
246,193.7,79.6,50,50,50,50,61.3
247,194.7,80.6,51,51,51,51,62.3
248,195.7,81.6,52,52,52,52,63.3
249,196.7,82.6,53,53,53,53,64.3
250,197.7,83.6,54,54,54,54,65.3
251,198.7,84.6,55,55,55,55,66.3
252,199.7,85.6,56,56,56,56,67.3
253,200.7,86.6,57,57,57,57,68.3
254,201.7,87.6,58,58,58,58,69.3
255,202.7,88.6,59,59,59,59,70.3
256,203.7,89.6,60,60,60,60,71.3
257,204.7,90.6,61,61,61,61,72.3
258,205.7,91.6,62,62,62,62,73.3
259,206.7,92.6,63,63,63,63,74.3
260,207.7,93.6,64,64,64,64,75.3
261,208.7,94.6,65,65,65,65,76.3
262,209.7,95.6,66,66,66,66,77.3
263,210.7,96.6,67,67,67,67,78.3
264,211.7,97.6,68,68,68,68,79.3
265,212.7,98.6,69,69,69,69,80.3
266,213.7,99.6,70,70,70,70,81.3
267,214.7,100.6,71,71,71,71,82.3
268,215.7,101.6,72,72,72,72,83.3
269,216.7,102.6,73,73,73,73,84.3
270,217.7,103.6,74,74,74,74,85.3
271,218.7,104.6,75,75,75,75,86.3
272,219.7,105.6,76,76,76,76,87.3
273,220.7,106.6,77,77,77,77,88.3
274,221.7,107.6,78,78,78,78,89.3
275,222.7,108.6,79,79,79,79,90.3
276,223.7,109.6,80,80,80,80,91.3
277,224.7,110.6,81,81,81,81,92.3
278,225.7,111.6,82,82,82,82,93.3
279,226.7,112.6,83,83,83,83,94.3
280,227.7,113.6,84,84,84,84,95.3
281,228.7,114.6,85,85,85,85,96.3
282,229.7,115.6,86,86,86,86,97.3
283,230.7,116.6,87,87,87,87,98.3
284,231.7,117.6,88,88,88,88,99.3
285,232.7,118.6,89,89,89,89,100.3
286,233.7,119.6,90,90,90,90,101.3
287,234.7,120.6,91,91,91,91,102.3
288,235.7,121.6,92,92,92,92,103.3
289,236.7,122.6,93,93,93,93,104.3
290,237.7,123.6,94,94,94,94,105.3
291,238.7,124.6,95,95,95,95,106.3
292,239.7,125.6,96,96,96,96,107.3
293,240.7,126.6,97,97,97,97,108.3
294,241.7,127.6,98,98,98,98,109.3
295,242.7,128.6,99,99,99,99,110.3
296,243.7,129.6,100,100,100,100,111.3
297,244.7,130.6,101,101,101,101,112.3
298,245.7,131.6,102,102,102,102,113.3
299,246.7,132.6,103,103,103,103,114.3
300,247.7,133.6,104,104,104,104,115.3
301,248.7,134.6,105,105,105,105,116.3
302,249.7,135.6,106,106,106,106,117.3
303,250.7,136.6,107,107,107,107,118.3
304,251.7,137.6,108,108,108,108,119.3
305,252.7,138.6,109,109,109,109,120.3
306,253.7,139.6,110,110,110,110,121.3
307,254.7,140.6,111,111,111,111,122.3
308,255.7,141.6,112,112,112,112,123.3
309,256.7,142.6,113,113,113,113,124.3
310,257.7,143.6,114,114,114,114,125.3
311,258.7,144.6,115,115,115,115,126.3
312,259.7,145.6,116,116,116,116,127.3
313,260.7,146.6,117,117,117,117,128.3
314,261.7,147.6,118,118,118,118,129.3
315,262.7,148.6,119,119,119,119,130.3
316,263.7,149.6,120,120,120,120,131.3
317,264.7,150.6,121,121,121,121,132.3
318,265.7,151.6,122,122,122,122,133.3
319,266.7,152.6,123,123,123,123,134.3
320,267.7,153.6,124,124,124,124,135.3
321,268.7,154.6,125,125,125,125,136.3
322,269.7,155.6,126,126,126,126,137.3
323,270.7,156.6,127,127,127,127,138.3
324,271.7,157.6,128,128,128,128,139.3
325,272.7,158.6,129,129,129,129,140.3
326,273.7,159.6,130,130,130,130,141.3
327,274.7,160.6,131,131,131,131,142.3
328,275.7,161.6,132,132,132,132,143.3
329,276.7,162.6,133,133,133,133,144.3
330,277.7,163.6,134,134,134,134,145.3
331,278.7,164.6,135,135,135,135,146.3
332,279.7,165.6,136,136,136,136,147.3
333,280.7,166.6,137,137,137,137,148.3
334,281.7,167.6,138,138,138,138,149.3
335,282.7,168.6,139,139,139,139,150.3
336,283.7,169.6,140,140,140,140,151.3
337,284.7,170.6,141,141,141,141,152.3
338,285.7,171.6,142,142,142,142,153.3
339,286.7,172.6,143,143,143,143,154.3
340,287.7,173.6,144,144,144,144,155.3
341,288.7,174.6,145,145,145,145,156.3
342,289.7,175.6,146,146,146,146,157.3
343,290.7,176.6,147,147,147,147,158.3
344,291.7,177.6,148,148,148,148,159.3
345,292.7,178.6,149,149,149,149,160.3
346,293.7,179.6,150,150,150,150,161.3
347,294.7,180.6,151,151,151,151,162.3
348,295.7,181.6,152,152,152,152,163.3
349,296.7,182.6,153,153,153,153,164.3
350,297.7,183.6,154,154,154,154,165.3
351,298.7,184.6,155,155,155,155,166.3
352,299.7,185.6,156,156,156,156,167.3
353,300.7,186.6,157,157,157,157,168.3
354,301.7,187.6,158,158,158,158,169.3
355,302.7,188.6,159,159,159,159,170.3
356,303.7,189.6,160,160,160,160,171.3
357,304.7,190.6,161,161,161,161,172.3
358,305.7,191.6,162,162,162,162,173.3
359,306.7,192.6,163,163,163,163,174.3
360,307.7,193.6,164,164,164,164,175.3
361,308.7,194.6,165,165,165,165,176.3
362,309.7,195.6,166,166,166,166,177.3
363,310.7,196.6,167,167,167,167,178.3
364,311.7,197.6,168,168,168,168,179.3
365,312.7,198.6,169,169,169,169,180.3
366,313.7,199.6,170,170,170,170,181.3
367,314.7,200.6,171,171,171,171,182.3
368,315.7,201.6,172,172,172,172,183.3
369,316.7,202.6,173,173,173,173,184.3
370,317.7,203.6,174,174,174,174,185.3
371,318.7,204.6,175,175,175,175,186.3
372,319.7,205.6,176,176,176,176,187.3
373,320.7,206.6,177,177,177,177,188.3
374,321.7,207.6,178,178,178,178,189.3
375,322.7,208.6,179,179,179,179,190.3
376,323.7,209.6,180,180,180,180,191.3
377,324.7,210.6,181,181,181,181,192.3
378,325.7,211.6,182,182,182,182,193.3
379,326.7,212.6,183,183,183,183,194.3
380,327.7,213.6,184,184,184,184,195.3
381,328.7,214.6,185,185,185,185,196.3
382,329.7,215.6,186,186,186,186,197.3
383,330.7,216.6,187,187,187,187,198.3
384,331.7,217.6,188,188,188,188,199.3
385,332.7,218.6,189,189,189,189,200.3
386,333.7,219.6,190,190,190,190,201.3
387,334.7,220.6,191,191,191,191,202.3
388,335.7,221.6,192,192,192,192,203.3
389,336.7,222.6,193,193,193,193,204.3
390,337.7,223.6,194,194,194,194,205.3
391,338.7,224.6,195,195,195,195,206.3
392,339.7,225.6,196,196,196,196,207.3
393,340.7,226.6,197,197,197,197,208.3
394,341.7,227.6,198,198,198,198,209.3
395,342.7,228.6,199,199,199,199,210.3
396,343.7,229.6,200,200,200,200,211.3
397,344.7,230.6,201,201,201,201,212.3
398,345.7,231.6,202,202,202,202,213.3
399,346.7,232.6,203,203,203,203,214.3
400,347.7,233.6,204,204,204,204,215.3
401,348.7,234.6,205,205,205,205,216.3
402,349.7,235.6,206,206,206,206,217.3
403,350.7,236.6,207,207,207,207,218.3
404,351.7,237.6,208,208,208,208,219.3
405,352.7,238.6,209,209,209,209,220.3
406,353.7,239.6,210,210,210,210,221.3
407,354.7,240.6,211,211,211,211,222.3
408,355.7,241.6,212,212,212,212,223.3
409,356.7,242.6,213,213,213,213,224.3
410,357.7,243.6,214,214,214,214,225.3
411,358.7,244.6,215,215,215,215,226.3
412,359.7,245.6,216,216,216,216,227.3
413,360.7,246.6,217,217,217,217,228.3
414,361.7,247.6,218,218,218,218,229.3
415,362.7,248.6,219,219,219,219,230.3
416,363.7,249.6,220,220,220,220,231.3
417,364.7,250.6,221,221,221,221,232.3
418,365.7,251.6,222,222,222,222,233.3
419,366.7,252.6,223,223,223,223,234.3
420,367.7,253.6,224,224,224,224,235.3
421,368.7,254.6,225,225,225,225,236.3
422,369.7,255.6,226,226,226,226,237.3
423,370.7,256.6,227,227,227,227,238.3
424,371.7,257.6,228,228,228,228,239.3
425,372.7,258.6,229,229,229,229,240.3
426,373.7,259.6,230,230,230,230,241.3
427,374.7,260.6,231,231,231,231,242.3
428,375.7,261.6,232,232,232,232,243.3
429,376.7,262.6,233,233,233,233,244.3
430,377.7,263.6,234,234,234,234,245.3
431,378.7,264.6,235,235,235,235,246.3
432,379.7,265.6,236,236,236,236,247.3
433,380.7,266.6,237,237,237,237,248.3
434,381.7,267.6,238,238,238,238,249.3
435,382.7,268.6,239,239,239,239,250.3
436,383.7,269.6,240,240,240,240,251.3
437,384.7,270.6,241,241,241,241,252.3
438,385.7,271.6,242,242,242,242,253.3
439,386.7,272.6,243,243,243,243,254.3
440,387.7,273.6,244,244,244,244,255.3
441,388.7,274.6,245,245,245,245,256.3
442,389.7,275.6,246,246,246,246,257.3
443,390.7,276.6,247,247,247,247,258.3
444,391.7,277.6,248,248,248,248,259.3
445,392.7,278.6,249,249,249,249,260.3
446,393.7,279.6,250,250,250,250,261.3
447,394.7,280.6,251,251,251,251,262.3
448,395.7,281.6,252,252,252,252,263.3
449,396.7,282.6,253,253,253,253,264.3
450,397.7,283.6,254,254,254,254,265.3
451,398.7,284.6,255,255,255,255,266.3
452,399.7,285.6,256,256,256,256,267.3
453,400.7,286.6,257,257,257,257,268.3
454,401.7,287.6,258,258,258,258,269.3
455,402.7,288.6,259,259,259,259,270.3
456,403.7,289.6,260,260,260,260,271.3
457,404.7,290.6,261,261,261,261,272.3
458,405.7,291.6,262,262,262,262,273.3
459,406.7,292.6,263,263,263,263,274.3
460,407.7,293.6,264,264,264,264,275.3
461,408.7,294.6,265,265,265,265,276.3
462,409.7,295.6,266,266,266,266,277.3
463,410.7,296.6,267,267,267,267,278.3
464,411.7,297.6,268,268,268,268,279.3
465,412.7,298.6,269,269,269,269,280.3
466,413.7,299.6,270,270,270,270,281.3
467,414.7,300.6,271,271,271,271,282.3
468,415.7,301.6,272,272,272,272,283.3
469,416.7,302.6,273,273,273,273,284.3
470,417.7,303.6,274,274,274,274,285.3
471,418.7,304.6,275,275,275,275,286.3
472,419.7,305.6,276,276,276,276,287.3
473,420.7,306.6,277,277,277,277,288.3
474,421.7,307.6,278,278,278,278,289.3
475,422.7,308.6,279,279,279,279,290.3
476,423.7,309.6,280,280,280,280,291.3
477,424.7,310.6,281,281,281,281,292.3
478,425.7,311.6,282,282,282,282,293.3
479,426.7,312.6,283,283,283,283,294.3
480,427.7,313.6,284,284,284,284,295.3
481,428.7,314.6,285,285,285,285,296.3
482,429.7,315.6,286,286,286,286,297.3
483,430.7,316.6,287,287,287,287,298.3
484,431.7,317.6,288,288,288,288,299.3
485,432.7,318.6,289,289,289,289,300.3
486,433.7,319.6,290,290,290,290,301.3
487,434.7,320.6,291,291,291,291,302.3
488,435.7,321.6,292,292,292,292,303.3
489,436.7,322.6,293,293,293,293,304.3
490,437.7,323.6,294,294,294,294,305.3
491,438.7,324.6,295,295,295,295,306.3
492,439.7,325.6,296,296,296,296,307.3
493,440.7,326.6,297,297,297,297,308.3
494,441.7,327.6,298,298,298,298,309.3
495,442.7,328.6,299,299,299,299,310.3
496,443.7,329.6,300,300,300,300,311.3
497,444.7,330.6,301,301,301,301,312.3
498,445.7,331.6,302,302,302,302,313.3
499,446.7,332.6,303,303,303,303,314.3
500,447.7,333.6,304,304,304,304,315.3
501,448.7,334.6,305,305,305,305,316.3
502,449.7,335.6,306,306,306,306,317.3
503,450.7,336.6,307,307,307,307,318.3
504,451.7,337.6,308,308,308,308,319.3
505,452.7,338.6,309,309,309,309,320.3
506,453.7,339.6,310,310,310,310,321.3
507,454.7,340.6,311,311,311,311,322.3
508,455.7,341.6,312,312,312,312,323.3
509,456.7,342.6,313,313,313,313,324.3
510,457.7,343.6,314,314,314,314,325.3
511,458.7,344.6,315,315,315,315,326.3
512,459.7,345.6,316,316,316,316,327.3
513,460.7,346.6,317,317,317,317,328.3
514,461.7,347.6,318,318,318,318,329.3
515,462.7,348.6,319,319,319,319,330.3
516,463.7,349.6,320,320,320,320,331.3
517,464.7,350.6,321,321,321,321,332.3
518,465.7,351.6,322,322,322,322,333.3
519,466.7,352.6,323,323,323,323,334.3
520,467.7,353.6,324,324,324,324,335.3
521,468.7,354.6,325,325,325,325,336.3
522,469.7,355.6,326,326,326,326,337.3
523,470.7,356.6,327,327,327,327,338.3
524,471.7,357.6,328,328,328,328,339.3
525,472.7,358.6,329,329,329,329,340.3
526,473.7,359.6,330,330,330,330,341.3
527,474.7,360.6,331,331,331,331,342.3
528,475.7,361.6,332,332,332,332,343.3
529,476.7,362.6,333,333,333,333,344.3
530,477.7,363.6,334,334,334,334,345.3
531,478.7,364.6,335,335,335,335,346.3
532,479.7,365.6,336,336,336,336,347.3
533,480.7,366.6,337,337,337,337,348.3
534,481.7,367.6,338,338,338,338,349.3
535,482.7,368.6,339,339,339,339,350.3
536,483.7,369.6,340,340,340,340,351.3
537,484.7,370.6,341,341,341,341,352.3
538,485.7,371.6,342,342,342,342,353.3
539,486.7,372.6,343,343,343,343,354.3
540,487.7,373.6,344,344,344,344,355.3
541,488.7,374.6,345,345,345,345,356.3
542,489.7,375.6,346,346,346,346,357.3
543,490.7,376.6,347,347,347,347,358.3
544,491.7,377.6,348,348,348,348,359.3
545,492.7,378.6,349,349,349,349,360.3
546,493.7,379.6,350,350,350,350,361.3
547,494.7,380.6,351,351,351,351,362.3
548,495.7,381.6,352,352,352,352,363.3
549,496.7,382.6,353,353,353,353,364.3
550,497.7,383.6,354,354,354,354,365.3
551,498.7,384.6,355,355,355,355,366.3
552,499.7,385.6,356,356,356,356,367.3
553,500.7,386.6,357,357,357,357,368.3
554,501.7,387.6,358,358,358,358,369.3
555,502.7,388.6,359,359,359,359,370.3
556,503.7,389.6,360,360,360,360,371.3
557,504.7,390.6,361,361,361,361,372.3
558,505.7,391.6,362,362,362,362,373.3
559,506.7,392.6,363,363,363,363,374.3
560,507.7,393.6,364,364,364,364,375.3
561,508.7,394.6,365,365,365,365,376.3
562,509.7,395.6,366,366,366,366,377.3
563,510.7,396.6,367,367,367,367,378.3
564,511.7,397.6,368,368,368,368,379.3
565,512.7,398.6,369,369,369,369,380.3
566,513.7,399.6,370,370,370,370,381.3
567,514.7,400.6,371,371,371,371,382.3
568,515.7,401.6,372,372,372,372,383.3
569,516.7,402.6,373,373,373,373,384.3
570,517.7,403.6,374,374,374,374,385.3
571,518.7,404.6,375,375,375,375,386.3
572,519.7,405.6,376,376,376,376,387.3
573,520.7,406.6,377,377,377,377,388.3
574,521.7,407.6,378,378,378,378,389.3
575,522.7,408.6,379,379,379,379,390.3
576,523.7,409.6,380,380,380,380,391.3
577,524.7,410.6,381,381,381,381,392.3
578,525.7,411.6,382,382,382,382,393.3
579,526.7,412.6,383,383,383,383,394.3
580,527.7,413.6,384,384,384,384,395.3
581,528.7,414.6,385,385,385,385,396.3
582,529.7,415.6,386,386,386,386,397.3
583,530.7,416.6,387,387,387,387,398.3
584,531.7,417.6,388,388,388,388,399.3
585,532.7,418.6,389,389,389,389,400.3
586,533.7,419.6,390,390,390,390,401.3
587,534.7,420.6,391,391,391,391,402.3
588,535.7,421.6,392,392,392,392,403.3
589,536.7,422.6,393,393,393,393,404.3
590,537.7,423.6,394,394,394,394,405.3
591,538.7,424.6,395,395,395,395,406.3
592,539.7,425.6,396,396,396,396,407.3
593,540.7,426.6,397,397,397,397,408.3
594,541.7,427.6,398,398,398,398,409.3
595,542.7,428.6,399,399,399,399,410.3
596,543.7,429.6,400,400,400,400,411.3
597,544.7,430.6,401,401,401,401,412.3
598,545.7,431.6,402,402,402,402,413.3
599,546.7,432.6,403,403,403,403,414.3
600,547.7,433.6,404,404,404,404,415.3
601,548.7,434.6,405,405,405,405,416.3
602,549.7,435.6,406,406,406,406,417.3
603,550.7,436.6,407,407,407,407,418.3
604,551.7,437.6,408,408,408,408,419.3
605,552.7,438.6,409,409,409,409,420.3
606,553.7,439.6,410,410,410,410,421.3
607,554.7,440.6,411,411,411,411,422.3
608,555.7,441.6,412,412,412,412,423.3
609,556.7,442.6,413,413,413,413,424.3
610,557.7,443.6,414,414,414,414,425.3
611,558.7,444.6,415,415,415,415,426.3
612,559.7,445.6,416,416,416,416,427.3
613,560.7,446.6,417,417,417,417,428.3
614,561.7,447.6,418,418,418,418,429.3
615,562.7,448.6,419,419,419,419,430.3
616,563.7,449.6,420,420,420,420,431.3
617,564.7,450.6,421,421,421,421,432.3
618,565.7,451.6,422,422,422,422,433.3
619,566.7,452.6,423,423,423,423,434.3
620,567.7,453.6,424,424,424,424,435.3
621,568.7,454.6,425,425,425,425,436.3
622,569.7,455.6,426,426,426,426,437.3
623,570.7,456.6,427,427,427,427,438.3
624,571.7,457.6,428,428,428,428,439.3
625,572.7,458.6,429,429,429,429,440.3
626,573.7,459.6,430,430,430,430,441.3
627,574.7,460.6,431,431,431,431,442.3
628,575.7,461.6,432,432,432,432,443.3
629,576.7,462.6,433,433,433,433,444.3
630,577.7,463.6,434,434,434,434,445.3
631,578.7,464.6,435,435,435,435,446.3
632,579.7,465.6,436,436,436,436,447.3
633,580.7,466.6,437,437,437,437,448.3
634,581.7,467.6,438,438,438,438,449.3
635,582.7,468.6,439,439,439,439,450.3
636,583.7,469.6,440,440,440,440,451.3
637,584.7,470.6,441,441,441,441,452.3
638,585.7,471.6,442,442,442,442,453.3
639,586.7,472.6,443,443,443,443,454.3
640,587.7,473.6,444,444,444,444,455.3
641,588.7,474.6,445,445,445,445,456.3
642,589.7,475.6,446,446,446,446,457.3
643,590.7,476.6,447,447,447,447,458.3
644,591.7,477.6,448,448,448,448,459.3
645,592.7,478.6,449,449,449,449,460.3
646,593.7,479.6,450,450,450,450,461.3
647,594.7,480.6,451,451,451,451,462.3
648,595.7,481.6,452,452,452,452,463.3
649,596.7,482.6,453,453,453,453,464.3
650,597.7,483.6,454,454,454,454,465.3
651,598.7,484.6,455,455,455,455,466.3
652,599.7,485.6,456,456,456,456,467.3
653,600.7,486.6,457,457,457,457,468.3
654,601.7,487.6,458,458,458,458,469.3
655,602.7,488.6,459,459,459,459,470.3
656,603.7,489.6,460,460,460,460,471.3
657,604.7,490.6,461,461,461,461,472.3
658,605.7,491.6,462,462,462,462,473.3
659,606.7,492.6,463,463,463,463,474.3
660,607.7,493.6,464,464,464,464,475.3
661,608.7,494.6,465,465,465,465,476.3
662,609.7,495.6,466,466,466,466,477.3
663,610.7,496.6,467,467,467,467,478.3
664,611.7,497.6,468,468,468,468,479.3
665,612.7,498.6,469,469,469,469,480.3
666,613.7,499.6,470,470,470,470,481.3
667,614.7,500.6,471,471,471,471,482.3
668,615.7,501.6,472,472,472,472,483.3
669,616.7,502.6,473,473,473,473,484.3
670,617.7,503.6,474,474,474,474,485.3
671,618.7,504.6,475,475,475,475,486.3
672,619.7,505.6,476,476,476,476,487.3
673,620.7,506.6,477,477,477,477,488.3
674,621.7,507.6,478,478,478,478,489.3
675,622.7,508.6,479,479,479,479,490.3
676,623.7,509.6,480,480,480,480,491.3
677,624.7,510.6,481,481,481,481,492.3
678,625.7,511.6,482,482,482,482,493.3
679,626.7,512.6,483,483,483,483,494.3
680,627.7,513.6,484,484,484,484,495.3
681,628.7,514.6,485,485,485,485,496.3
682,629.7,515.6,486,486,486,486,497.3
683,630.7,516.6,487,487,487,487,498.3
684,631.7,517.6,488,488,488,488,499.3
685,632.7,518.6,489,489,489,489,500.3
686,633.7,519.6,490,490,490,490,501.3
687,634.7,520.6,491,491,491,491,502.3
688,635.7,521.6,492,492,492,492,503.3
689,636.7,522.6,493,493,493,493,504.3
690,637.7,523.6,494,494,494,494,505.3
691,638.7,524.6,495,495,495,495,506.3
692,639.7,525.6,496,496,496,496,507.3
693,640.7,526.6,497,497,497,497,508.3
694,641.7,527.6,498,498,498,498,509.3
695,642.7,528.6,499,499,499,499,510.3
696,643.7,529.6,500,500,500,500,511.3
697,644.7,530.6,501,501,501,501,512.3
698,645.7,531.6,502,502,502,502,513.3
699,646.7,532.6,503,503,503,503,514.3
700,647.7,533.6,504,504,504,504,515.3
701,648.7,534.6,505,505,505,505,516.3
702,649.7,535.6,506,506,506,506,517.3
703,650.7,536.6,507,507,507,507,518.3
704,651.7,537.6,508,508,508,508,519.3
705,652.7,538.6,509,509,509,509,520.3
706,653.7,539.6,510,510,510,510,521.3
707,654.7,540.6,511,511,511,511,522.3
708,655.7,541.6,512,512,512,512,523.3
709,656.7,542.6,513,513,513,513,524.3
710,657.7,543.6,514,514,514,514,525.3
711,658.7,544.6,515,515,515,515,526.3
712,659.7,545.6,516,516,516,516,527.3
713,660.7,546.6,517,517,517,517,528.3
714,661.7,547.6,518,518,518,518,529.3
715,662.7,548.6,519,519,519,519,530.3
716,663.7,549.6,520,520,520,520,531.3
717,664.7,550.6,521,521,521,521,532.3
718,665.7,551.6,522,522,522,522,533.3
719,666.7,552.6,523,523,523,523,534.3
720,667.7,553.6,524,524,524,524,535.3
721,668.7,554.6,525,525,525,525,536.3
722,669.7,555.6,526,526,526,526,537.3
723,670.7,556.6,527,527,527,527,538.3
724,671.7,557.6,528,528,528,528,539.3
725,672.7,558.6,529,529,529,529,540.3
726,673.7,559.6,530,530,530,530,541.3
727,674.7,560.6,531,531,531,531,542.3
728,675.7,561.6,532,532,532,532,543.3
729,676.7,562.6,533,533,533,533,544.3
730,677.7,563.6,534,534,534,534,545.3
731,678.7,564.6,535,535,535,535,546.3
732,679.7,565.6,536,536,536,536,547.3
733,680.7,566.6,537,537,537,537,548.3
734,681.7,567.6,538,538,538,538,549.3
735,682.7,568.6,539,539,539,539,550.3
736,683.7,569.6,540,540,540,540,551.3
737,684.7,570.6,541,541,541,541,552.3
738,685.7,571.6,542,542,542,542,553.3
739,686.7,572.6,543,543,543,543,554.3
740,687.7,573.6,544,544,544,544,555.3
741,688.7,574.6,545,545,545,545,556.3
742,689.7,575.6,546,546,546,546,557.3
743,690.7,576.6,547,547,547,547,558.3
744,691.7,577.6,548,548,548,548,559.3
745,692.7,578.6,549,549,549,549,560.3
746,693.7,579.6,550,550,550,550,561.3
747,694.7,580.6,551,551,551,551,562.3
748,695.7,581.6,552,552,552,552,563.3
749,696.7,582.6,553,553,553,553,564.3
750,697.7,583.6,554,554,554,554,565.3
751,698.7,584.6,555,555,555,555,566.3
752,699.7,585.6,556,556,556,556,567.3
753,700.7,586.6,557,557,557,557,568.3
754,701.7,587.6,558,558,558,558,569.3
755,702.7,588.6,559,559,559,559,570.3
756,703.7,589.6,560,560,560,560,571.3
757,704.7,590.6,561,561,561,561,572.3
758,705.7,591.6,562,562,562,562,573.3
759,706.7,592.6,563,563,563,563,574.3
760,707.7,593.6,564,564,564,564,575.3
761,708.7,594.6,565,565,565,565,576.3
762,709.7,595.6,566,566,566,566,577.3
763,710.7,596.6,567,567,567,567,578.3
764,711.7,597.6,568,568,568,568,579.3
765,712.7,598.6,569,569,569,569,580.3
766,713.7,599.6,570,570,570,570,581.3
767,714.7,600.6,571,571,571,571,582.3
768,715.7,601.6,572,572,572,572,583.3
769,716.7,602.6,573,573,573,573,584.3
770,717.7,603.6,574,574,574,574,585.3
771,718.7,604.6,575,575,575,575,586.3
772,719.7,605.6,576,576,576,576,587.3
773,720.7,606.6,577,577,577,577,588.3
774,721.7,607.6,578,578,578,578,589.3
775,722.7,608.6,579,579,579,579,590.3
776,723.7,609.6,580,580,580,580,591.3
777,724.7,610.6,581,581,581,581,592.3
778,725.7,611.6,582,582,582,582,593.3
779,726.7,612.6,583,583,583,583,594.3
780,727.7,613.6,584,584,584,584,595.3
781,728.7,614.6,585,585,585,585,596.3
782,729.7,615.6,586,586,586,586,597.3
783,730.7,616.6,587,587,587,587,598.3
784,731.7,617.6,588,588,588,588,599.3
785,732.7,618.6,589,589,589,589,600.3
786,733.7,619.6,590,590,590,590,601.3
787,734.7,620.6,591,591,591,591,602.3
788,735.7,621.6,592,592,592,592,603.3
789,736.7,622.6,593,593,593,593,604.3
790,737.7,623.6,594,594,594,594,605.3
791,738.7,624.6,595,595,595,595,606.3
792,739.7,625.6,596,596,596,596,607.3
793,740.7,626.6,597,597,597,597,608.3
794,741.7,627.6,598,598,598,598,609.3
795,742.7,628.6,599,599,599,599,610.3
796,743.7,629.6,600,600,600,600,611.3
797,744.7,630.6,601,601,601,601,612.3
798,745.7,631.6,602,602,602,602,613.3
799,746.7,632.6,603,603,603,603,614.3
800,747.7,633.6,604,604,604,604,615.3
801,748.7,634.6,605,605,605,605,616.3
802,749.7,635.6,606,606,606,606,617.3
803,750.7,636.6,607,607,607,607,618.3
804,751.7,637.6,608,608,608,608,619.3
805,752.7,638.6,609,609,609,609,620.3
806,753.7,639.6,610,610,610,610,621.3
807,754.7,640.6,611,611,611,611,622.3
808,755.7,641.6,612,612,612,612,623.3
809,756.7,642.6,613,613,613,613,624.3
810,757.7,643.6,614,614,614,614,625.3
811,758.7,644.6,615,615,615,615,626.3
812,759.7,645.6,616,616,616,616,627.3
813,760.7,646.6,617,617,617,617,628.3
814,761.7,647.6,618,618,618,618,629.3
815,762.7,648.6,619,619,619,619,630.3
816,763.7,649.6,620,620,620,620,631.3
817,764.7,650.6,621,621,621,621,632.3
818,765.7,651.6,622,622,622,622,633.3
819,766.7,652.6,623,623,623,623,634.3
820,767.7,653.6,624,624,624,624,635.3
821,768.7,654.6,625,625,625,625,636.3
822,769.7,655.6,626,626,626,626,637.3
823,770.7,656.6,627,627,627,627,638.3
824,771.7,657.6,628,628,628,628,639.3
825,772.7,658.6,629,629,629,629,640.3
826,773.7,659.6,630,630,630,630,641.3
827,774.7,660.6,631,631,631,631,642.3
828,775.7,661.6,632,632,632,632,643.3
829,776.7,662.6,633,633,633,633,644.3
830,777.7,663.6,634,634,634,634,645.3
831,778.7,664.6,635,635,635,635,646.3
832,779.7,665.6,636,636,636,636,647.3
833,780.7,666.6,637,637,637,637,648.3
834,781.7,667.6,638,638,638,638,649.3
835,782.7,668.6,639,639,639,639,650.3
836,783.7,669.6,640,640,640,640,651.3
837,784.7,670.6,641,641,641,641,652.3
838,785.7,671.6,642,642,642,642,653.3
839,786.7,672.6,643,643,643,643,654.3
840,787.7,673.6,644,644,644,644,655.3
841,788.7,674.6,645,645,645,645,656.3
842,789.7,675.6,646,646,646,646,657.3
843,790.7,676.6,647,647,647,647,658.3
844,791.7,677.6,648,648,648,648,659.3
845,792.7,678.6,649,649,649,649,660.3
846,793.7,679.6,650,650,650,650,661.3
847,794.7,680.6,651,651,651,651,662.3
848,795.7,681.6,652,652,652,652,663.3
849,796.7,682.6,653,653,653,653,664.3
850,797.7,683.6,654,654,654,654,665.3
851,798.7,684.6,655,655,655,655,666.3
852,799.7,685.6,656,656,656,656,667.3
853,800.7,686.6,657,657,657,657,668.3
854,801.7,687.6,658,658,658,658,669.3
855,802.7,688.6,659,659,659,659,670.3
856,803.7,689.6,660,660,660,660,671.3
857,804.7,690.6,661,661,661,661,672.3
858,805.7,691.6,662,662,662,662,673.3
859,806.7,692.6,663,663,663,663,674.3
860,807.7,693.6,664,664,664,664,675.3
861,808.7,694.6,665,665,665,665,676.3
862,809.7,695.6,666,666,666,666,677.3
863,810.7,696.6,667,667,667,667,678.3
864,811.7,697.6,668,668,668,668,679.3
865,812.7,698.6,669,669,669,669,680.3
866,813.7,699.6,670,670,670,670,681.3
867,814.7,700.6,671,671,671,671,682.3
868,815.7,701.6,672,672,672,672,683.3
869,816.7,702.6,673,673,673,673,684.3
870,817.7,703.6,674,674,674,674,685.3
871,818.7,704.6,675,675,675,675,686.3
872,819.7,705.6,676,676,676,676,687.3
873,820.7,706.6,677,677,677,677,688.3
874,821.7,707.6,678,678,678,678,689.3
875,822.7,708.6,679,679,679,679,690.3
876,823.7,709.6,680,680,680,680,691.3
877,824.7,710.6,681,681,681,681,692.3
878,825.7,711.6,682,682,682,682,693.3
879,826.7,712.6,683,683,683,683,694.3
880,827.7,713.6,684,684,684,684,695.3
881,828.7,714.6,685,685,685,685,696.3
882,829.7,715.6,686,686,686,686,697.3
883,830.7,716.6,687,687,687,687,698.3
884,831.7,717.6,688,688,688,688,699.3
885,832.7,718.6,689,689,689,689,700.3
886,833.7,719.6,690,690,690,690,701.3
887,834.7,720.6,691,691,691,691,702.3
888,835.7,721.6,692,692,692,692,703.3
889,836.7,722.6,693,693,693,693,704.3
890,837.7,723.6,694,694,694,694,705.3
891,838.7,724.6,695,695,695,695,706.3
892,839.7,725.6,696,696,696,696,707.3
893,840.7,726.6,697,697,697,697,708.3
894,841.7,727.6,698,698,698,698,709.3
895,842.7,728.6,699,699,699,699,710.3
896,843.7,729.6,700,700,700,700,711.3
897,844.7,730.6,701,701,701,701,712.3
898,845.7,731.6,702,702,702,702,713.3
899,846.7,732.6,703,703,703,703,714.3
900,847.7,733.6,704,704,704,704,715.3
901,848.7,734.6,705,705,705,705,716.3
902,849.7,735.6,706,706,706,706,717.3
903,850.7,736.6,707,707,707,707,718.3
904,851.7,737.6,708,708,708,708,719.3
905,852.7,738.6,709,709,709,709,720.3
906,853.7,739.6,710,710,710,710,721.3
907,854.7,740.6,711,711,711,711,722.3
908,855.7,741.6,712,712,712,712,723.3
909,856.7,742.6,713,713,713,713,724.3
910,857.7,743.6,714,714,714,714,725.3
911,858.7,744.6,715,715,715,715,726.3
912,859.7,745.6,716,716,716,716,727.3
913,860.7,746.6,717,717,717,717,728.3
914,861.7,747.6,718,718,718,718,729.3
915,862.7,748.6,719,719,719,719,730.3
916,863.7,749.6,720,720,720,720,731.3
917,864.7,750.6,721,721,721,721,732.3
918,865.7,751.6,722,722,722,722,733.3
919,866.7,752.6,723,723,723,723,734.3
920,867.7,753.6,724,724,724,724,735.3
921,868.7,754.6,725,725,725,725,736.3
922,869.7,755.6,726,726,726,726,737.3
923,870.7,756.6,727,727,727,727,738.3
924,871.7,757.6,728,728,728,728,739.3
925,872.7,758.6,729,729,729,729,740.3
926,873.7,759.6,730,730,730,730,741.3
927,874.7,760.6,731,731,731,731,742.3
928,875.7,761.6,732,732,732,732,743.3
929,876.7,762.6,733,733,733,733,744.3
930,877.7,763.6,734,734,734,734,745.3
931,878.7,764.6,735,735,735,735,746.3
932,879.7,765.6,736,736,736,736,747.3
933,880.7,766.6,737,737,737,737,748.3
934,881.7,767.6,738,738,738,738,749.3
935,882.7,768.6,739,739,739,739,750.3
936,883.7,769.6,740,740,740,740,751.3
937,884.7,770.6,741,741,741,741,752.3
938,885.7,771.6,742,742,742,742,753.3
939,886.7,772.6,743,743,743,743,754.3
940,887.7,773.6,744,744,744,744,755.3
941,888.7,774.6,745,745,745,745,756.3
942,889.7,775.6,746,746,746,746,757.3
943,890.7,776.6,747,747,747,747,758.3
944,891.7,777.6,748,748,748,748,759.3
945,892.7,778.6,749,749,749,749,760.3
946,893.7,779.6,750,750,750,750,761.3
947,894.7,780.6,751,751,751,751,762.3
948,895.7,781.6,752,752,752,752,763.3
949,896.7,782.6,753,753,753,753,764.3
950,897.7,783.6,754,754,754,754,765.3
951,898.7,784.6,755,755,755,755,766.3
952,899.7,785.6,756,756,756,756,767.3
953,900.7,786.6,757,757,757,757,768.3
954,901.7,787.6,758,758,758,758,769.3
955,902.7,788.6,759,759,759,759,770.3
956,903.7,789.6,760,760,760,760,771.3
957,904.7,790.6,761,761,761,761,772.3
958,905.7,791.6,762,762,762,762,773.3
959,906.7,792.6,763,763,763,763,774.3
960,907.7,793.6,764,764,764,764,775.3
961,908.7,794.6,765,765,765,765,776.3
962,909.7,795.6,766,766,766,766,777.3
963,910.7,796.6,767,767,767,767,778.3
964,911.7,797.6,768,768,768,768,779.3
965,912.7,798.6,769,769,769,769,780.3
966,913.7,799.6,770,770,770,770,781.3
967,914.7,800.6,771,771,771,771,782.3
968,915.7,801.6,772,772,772,772,783.3
969,916.7,802.6,773,773,773,773,784.3
970,917.7,803.6,774,774,774,774,785.3
971,918.7,804.6,775,775,775,775,786.3
972,919.7,805.6,776,776,776,776,787.3
973,920.7,806.6,777,777,777,777,788.3
974,921.7,807.6,778,778,778,778,789.3
975,922.7,808.6,779,779,779,779,790.3
976,923.7,809.6,780,780,780,780,791.3
977,924.7,810.6,781,781,781,781,792.3
978,925.7,811.6,782,782,782,782,793.3
979,926.7,812.6,783,783,783,783,794.3
980,927.7,813.6,784,784,784,784,795.3
981,928.7,814.6,785,785,785,785,796.3
982,929.7,815.6,786,786,786,786,797.3
983,930.7,816.6,787,787,787,787,798.3
984,931.7,817.6,788,788,788,788,799.3
985,932.7,818.6,789,789,789,789,800.3
986,933.7,819.6,790,790,790,790,801.3
987,934.7,820.6,791,791,791,791,802.3
988,935.7,821.6,792,792,792,792,803.3
989,936.7,822.6,793,793,793,793,804.3
990,937.7,823.6,794,794,794,794,805.3
991,938.7,824.6,795,795,795,795,806.3
992,939.7,825.6,796,796,796,796,807.3
993,940.7,826.6,797,797,797,797,808.3
994,941.7,827.6,798,798,798,798,809.3
995,942.7,828.6,799,799,799,799,810.3
996,943.7,829.6,800,800,800,800,811.3
997,944.7,830.6,801,801,801,801,812.3
998,945.7,831.6,802,802,802,802,813.3
999,946.7,832.6,803,803,803,803,814.3
1000,947.7,833.6,804,804,804,804,815.3
1001,948.7,834.6,805,805,805,805,816.3
1002,949.7,835.6,806,806,806,806,817.3
1003,950.7,836.6,807,807,807,807,818.3
1004,951.7,837.6,808,808,808,808,819.3
1005,952.7,838.6,809,809,809,809,820.3
1006,953.7,839.6,810,810,810,810,821.3
1007,954.7,840.6,811,811,811,811,822.3
1008,955.7,841.6,812,812,812,812,823.3
1009,956.7,842.6,813,813,813,813,824.3
1010,957.7,843.6,814,814,814,814,825.3
1011,958.7,844.6,815,815,815,815,826.3
1012,959.7,845.6,816,816,816,816,827.3
1013,960.7,846.6,817,817,817,817,828.3
1014,961.7,847.6,818,818,818,818,829.3
1015,962.7,848.6,819,819,819,819,830.3
1016,963.7,849.6,820,820,820,820,831.3
1017,964.7,850.6,821,821,821,821,832.3
1018,965.7,851.6,822,822,822,822,833.3
1019,966.7,852.6,823,823,823,823,834.3
1020,967.7,853.6,824,824,824,824,835.3
1021,968.7,854.6,825,825,825,825,836.3
1022,969.7,855.6,826,826,826,826,837.3
1023,970.7,856.6,827,827,827,827,838.3
1024,971.7,857.6,828,828,828,828,839.3
1025,972.7,858.6,829,829,829,829,840.3
1026,973.7,859.6,830,830,830,830,841.3
1027,974.7,860.6,831,831,831,831,842.3
1028,975.7,861.6,832,832,832,832,843.3
1029,976.7,862.6,833,833,833,833,844.3
1030,977.7,863.6,834,834,834,834,845.3
1031,978.7,864.6,835,835,835,835,846.3
1032,979.7,865.6,836,836,836,836,847.3
1033,980.7,866.6,837,837,837,837,848.3
1034,981.7,867.6,838,838,838,838,849.3
1035,982.7,868.6,839,839,839,839,850.3
1036,983.7,869.6,840,840,840,840,851.3
1037,984.7,870.6,841,841,841,841,852.3
1038,985.7,871.6,842,842,842,842,853.3
1039,986.7,872.6,843,843,843,843,854.3
1040,987.7,873.6,844,844,844,844,855.3
1041,988.7,874.6,845,845,845,845,856.3
1042,989.7,875.6,846,846,846,846,857.3
1043,990.7,876.6,847,847,847,847,858.3
1044,991.7,877.6,848,848,848,848,859.3